year,sample_id,zoop_id,program,lake_name,lake_id,depth,doy,year_frac,secchi_m,secchi_flag,tss_mgL,tss_flag,vss_mgL,vss_flag,iss_mgL,iss_flag,tp_ugL,tp_flag,srp_ugL,srp_flag,tn_mgL,tn_flag,nox_mgL,nox_flag,chl_ugL,chl_flag,phyco_ugL,phyco_flag
2018,A18012134004,A18012134004,ALM,Blue,12,Epi,134,2018.367123,0.5,,33,,23,,10,,128.8,,2.9,a,1.3,,0.02,a,14,,3.5,a
2018,A18012176003,A18012176003,ALM,Blue,12,Epi,176,2018.482192,0.4,,22,,11,,11,,107.1,,2.9,a,1.16,,0.02,a,23,,23,
2018,A18012225010,A18012225010,ALM,Blue,12,Epi,225,2018.616438,0.3,,42,,27,,15,,151,,2.9,a,1.62,,0.02,a,105,,57,
2018,A18019150001,A18019150001,ALM,Center,19,Epi,150,2018.411,1.5,,7,,6.5,,0.5,,49.9,,5.9,,1.4,,0.02,a,3,,19,
2018,A18019198001,A18019198001,ALM,Center,19,Epi,198,2018.542,0.6,,8,,8,,0,a,48.4,,2.9,a,1.8,,0.02,a,29,,49,
2018,A18019246013,A18019246013,ALM,Center,19,Epi,246,2018.674,0.5,,95,,17,,78,,85.7,,2.9,a,1.3,,0.02,a,79,,86,
2018,A18036151003,A18036151003,ALM,Five Island,36,Epi,151,2018.414,2.2,,22.5,,16,,6.5,,76.2,,2.9,a,5.4,,3.3,,13,,10,
2018,A18036198007,A18036198007,ALM,Five Island,36,Epi,198,2018.542,0.4,,30,,21,,9,,99.8,,2.9,a,2.4,,0.7,,58,,114,
2018,A18036248002,A18036248002,ALM,Five Island,36,Epi,248,2018.679,0.4,,32,,17,,15,,153,,2.9,a,1.2,,0.1,,91,,200,
2018,A18090134010,A18090134010,ALM,North Twin,90,Epi,134,2018.367,0.5,,20,,11,,9,,74.6,,7.3,,2.9,,0.4,,115,,12,
2018,A18090177003,A18090177003,ALM,North Twin,90,Epi,177,2018.485,0.4,,13,,10,,3,,101.4,,2.9,a,2.4,,0.3,,38,,108,
2018,A18090226003,A18090226003,ALM,North Twin,90,Epi,226,2018.619,0.4,,25,,23,,2,,69.9,,2.9,a,1.6,,0.02,a,113,,248,
2018,A18105151005,A18105151005,ALM,Silver,105,Epi,151,2018.414,2,,9,,6,,3,,36.3,,49.3,,2.6,,1.5,,3,,30,
2018,A18105197009,A18105197009,ALM,Silver,105,Epi,197,2018.54,0.9,,15.5,,13,,2.5,,142,,65.9,,2.7,,1.6,,12,,68,
2018,A18105246003,A18105246003,ALM,Silver,105,Epi,246,2018.674,1.1,,7,,5,,2,,329.1,,238.2,,0.9,,0.1,,8,,3.5,a
2018,A18113134012,A18113134012,ALM,Storm,113,Epi,134,2018.367,0.9,,12,,10,,2,,34.3,,2.9,a,0.9,,0.3,,9,,3.5,a
2018,A18113176011,A18113176011,ALM,Storm,113,Epi,176,2018.482,0.7,,19,,9.5,,9.5,,66.5,,2.9,a,0.7,,0.2,,4,,8,
2018,A18113225001,A18113225001,ALM,Storm,113,Epi,225,2018.616,0.5,,15,,5,,10,,91.1,,25.3,,0.2,,0.02,a,5,,47,
2018,P1801224301E,P18012243,Carp,Blue,12,Epi,243,2018.665753,NA,m,NA,m,NA,m,NA,m,74.8,,6.5,,3,,NA,m,15.3,,31.2,
2018,P1801913501E,P18019135,Carp,Center,19,Epi,135,2018.369863,1.2,,20,,7,,13,,38.1,,2.9,a,1.1,,0.3,,11.6,,3.5,a
2018,P1801915001E,P18019150,Carp,Center,19,Epi,150,2018.410959,1.8,,16,,6,,10,,18.9,,4.5,,6.1,,0.2,,8.7,,3.5,a
2018,P1801916301E,P18019163,Carp,Center,19,Epi,163,2018.446575,1.5,,2,,2,,0,a,20.5,,2.9,a,12.1,,0.2,,3.4,,37.6,
2018,P1801917801E,P18019178,Carp,Center,19,Epi,178,2018.487671,0.7,,4,,3,,1,,47.6,,2.9,a,1.7,,0.2,,27.7,,51.2,
2018,P1901919201E,P19019192,Carp,Center,19,Epi,192,2018.526027,0.4,,28,,24,,4,,50.4,,2.9,a,1.7,,0.1,,36.6,,63,
2018,P1801920601E,P18019206,Carp,Center,19,Epi,206,2018.564384,0.7,,19,,19,,0,a,45,,5.4,,1.5,,0.1,,20,,54.7,
2018,P1801921901E,P18019219,Carp,Center,19,Epi,219,2018.6,0.6,,27,,9,,18,,62.2,,2.9,a,1.6,,0.1,,29.6,,68.3,
2018,P1803613501E,P18036135,Carp,Five Island,36,Epi,135,2018.369863,1.5,,17,,5,,12,,39.8,,2.9,a,3.9,,2.7,,4,,3.5,a
2018,P1803615001E,P18036150,Carp,Five Island,36,Epi,150,2018.410959,0.6,,20,,14,,6,,90.6,,4.9,,8,,3.4,,43.1,,3.5,a
2018,P1803616301E,P18036163,Carp,Five Island,36,Epi,163,2018.446575,0.3,,39,,30,,9,,126.2,,4.4,,6.2,,2.4,,21.2,,112.5,
2018,P1803617801E,P18036178,Carp,Five Island,36,Epi,178,2018.487671,0.3,,34,,24,,10,,234.6,,9.3,,4.7,,2.1,,75.3,,43.3,
2018,P1803619301E,P18036193,Carp,Five Island,36,Epi,193,2018.528767,0.5,,25,,15,,10,,79.1,,2.9,a,3.5,,1.5,,42.4,,49.7,
2018,P1803620501E,P18036205,Carp,Five Island,36,Epi,205,2018.561644,0.2,,56,,37,,19,,171.9,,4.7,,3,,0.2,,109.5,,296.8,
2018,P1803621901E,P18036219,Carp,Five Island,36,Epi,219,2018.6,0.3,,16,,10,,6,,119.1,,6.7,,1.9,,0.02,a,42.8,,229.5,
2018,P1809013001E,P18090130,Carp,North Twin,90,Epi,130,2018.356164,0.4,,11,,11,,0,a,72.2,,2.9,a,2.5,,1.2,,77,,3.5,a
2018,P1809014401E,P18090144,Carp,North Twin,90,Epi,144,2018.394521,0.5,,19,,4,,15,,69.3,,5.4,,3.7,,1.8,,33.6,,3.5,a
2018,P1809015801E,P18090158,Carp,North Twin,90,Epi,158,2018.432877,0.5,,11,,11,,0,a,61,,2.9,a,3.6,,0.2,,34.4,,3.5,a
2018,P1809017101E,P18090171,Carp,North Twin,90,Epi,171,2018.468493,0.4,,10,,8,,2,,83.2,,5.4,,2.7,,0.4,,29.4,,54.6,
2018,P1809018301E,P18090183,Carp,North Twin,90,Epi,183,2018.50137,0.3,,31,,20,,11,,70.5,,4.3,,2.5,,0.3,,50.8,,264.5,
2018,P1809019701E,P18090197,Carp,North Twin,90,Epi,197,2018.539726,0.3,,27,,27,,0,a,65.9,,4.1,,2.5,,0.3,,58.9,,157.2,
2018,P1809021301E,P18090213,Carp,North Twin,90,Epi,213,2018.583562,0.4,,20,,20,,0,a,73.4,,2.9,a,2.3,,0.1,,56.7,,342.8,
2018,P1810513601E,P18105136,Carp,Silver,105,Epi,136,2018.372603,2.8,,2,,2,,0,a,64.9,,49.4,,4,,2.9,,0.2,a,3.5,a
2018,P1810515101E,P18105151,Carp,Silver,105,Epi,151,2018.413699,2.6,,10,,6,,4,,55.1,,49,,4.8,,2.9,,1.9,,3.5,a
2018,P1810516401E,P18105164,Carp,Silver,105,Epi,164,2018.449315,0.7,,11,,7,,4,,103.1,,27.6,,15.6,,1.6,,9.4,,42.2,
2018,P1810517801E,P18105178,Carp,Silver,105,Epi,178,2018.487671,0.5,,13,,5,,8,,206.4,,142.1,,4,,2.8,,6.6,,43.2,
2018,P1810519201E,P18105192,Carp,Silver,105,Epi,192,2018.526027,0.6,,11,,7,,4,,160.7,,99,,3.1,,2.1,,15.1,,115.7,
2018,P1810520501E,P18105205,Carp,Silver,105,Epi,205,2018.561644,0.4,,18,,13,,5,,163.7,,56.6,,2.7,,0.6,,49.8,,209.8,
2018,P1810522001E,P18105220,Carp,Silver,105,Epi,220,2018.60274,1,,NA,m,NA,m,NA,m,225.6,,151.3,,1.7,,0.1,,18.9,,41.9,
2018,P1811313601E,P18113136,Carp,Storm,113,Epi,136,2018.372603,1.6,,1,,1,,0,a,18.1,,2.9,a,0.8,,0.5,,0.5,,3.5,a
2018,P1811315101E,P18113151,Carp,Storm,113,Epi,151,2018.413699,1.4,,7,,7,,0,a,21.5,,6.2,,4.7,,0.4,,0.4,,3.5,a
2018,P1811316401E,P18113164,Carp,Storm,113,Epi,164,2018.449315,0.7,,0,a,0,a,0,a,36.6,,3.7,,8.7,,0.2,,10,,31.2,
2018,P1811317901E,P18113179,Carp,Storm,113,Epi,179,2018.490411,0.5,,12,,6,,6,,68.2,,19.3,,0.9,,0.02,a,3.6,,241.7,
2018,P1811319201E,P18113192,Carp,Storm,113,Epi,192,2018.526027,0.4,,13,,11,,2,,57.2,,11.1,,0.7,,0.02,a,6.2,,35.3,
2018,P1811320601E,P18113206,Carp,Storm,113,Epi,206,2018.564384,0.4,,22,,11,,11,,79.5,,22.5,,0.7,,0.02,a,3.8,,99.1,
2018,P1811322001E,P18113220,Carp,Storm,113,Epi,220,2018.60274,0.4,,16,,16,,0,a,76.8,,28.6,,0.7,,0.02,a,5.8,,48.9,
2018,P1840613001E,P18406130,Carp,South Twin,406,Epi,130,2018.356164,0.2,,72,,45,,27,,216.8,,2.9,a,2.6,,0.3,,45,,3.5,a
2018,P1840614401E,P18406144,Carp,South Twin,406,Epi,144,2018.394521,0.1,,90,,22,,68,,238.3,,5.1,,4.2,,0.3,,36,,3.5,a
2018,P1840615801E,P18406158,Carp,South Twin,406,Epi,158,2018.432877,0.3,,61,,44,,17,,176.8,,2.9,a,6.3,,0.2,,37,,3.5,a
2018,P1840617101E,P18406171,Carp,South Twin,406,Epi,171,2018.468493,0.2,,79,,41,,38,,215.3,,2.9,a,2.7,,0.2,,52.9,,87.3,
2018,P1840618401E,P18406184,Carp,South Twin,406,Epi,184,2018.50411,0.2,,56,,42,,14,,178.7,,2.9,a,2.4,,0.1,,31.4,,46.3,
2018,P1840619701E,P18406197,Carp,South Twin,406,Epi,197,2018.539726,0.2,,62,,46,,16,,140.4,,2.9,a,2.2,,0.1,,40.6,,56.4,
2018,P1840621101E,P18406211,Carp,South Twin,406,Epi,211,2018.578082,0.2,,60,,40,,20,,154.7,,8.8,,2.6,,0.1,,43.6,,163.5,
2018,P1801224301H,P18012243,Carp,Blue,12,Hypo,243,2018.665753,NA,m,NA,m,NA,m,NA,m,77.6,,19.7,,3,,NA,m,NA,m,NA,m
2018,P1801913501H,P18019135,Carp,Center,19,Hypo,135,2018.369863,NA,m,13,,9,,4,,54.9,,2.9,a,NA,m,NA,m,NA,m,NA,m
2018,P1801915001H,P18019150,Carp,Center,19,Hypo,150,2018.410959,NA,m,4,,4,,0,a,37.7,,4.9,,NA,m,NA,m,NA,m,NA,m
2018,P1801916301H,P18019163,Carp,Center,19,Hypo,163,2018.446575,NA,m,10,,10,,0,a,31.7,,2.9,a,NA,m,NA,m,NA,m,NA,m
2018,P1801917801H,P18019178,Carp,Center,19,Hypo,178,2018.487671,NA,m,NA,m,NA,m,NA,m,245.6,,4,,NA,m,NA,m,NA,m,NA,m
2018,P1801919201H,P18019192,Carp,Center,19,Hypo,192,2018.526027,NA,m,18,,11,,7,,48.8,,2.9,a,NA,m,NA,m,NA,m,NA,m
2018,P1801920601H,P18019206,Carp,Center,19,Hypo,206,2018.564384,NA,m,22,,16,,6,,62.9,,3,,NA,m,NA,m,NA,m,NA,m
2018,P1801921901H,P18019219,Carp,Center,19,Hypo,219,2018.6,NA,m,50,,20,,30,,40,,3.1,,NA,m,NA,m,NA,m,NA,m
2018,P1803613501H,P18036135,Carp,Five Island,36,Hypo,135,2018.369863,NA,m,0,a,0,a,0,a,92,,2.9,a,NA,m,NA,m,NA,m,NA,m
2018,P1803615001H,P18036150,Carp,Five Island,36,Hypo,150,2018.410959,NA,m,17,,6,,11,,150.3,,41.8,,NA,m,NA,m,NA,m,NA,m
2018,P1803616301H,P18036163,Carp,Five Island,36,Hypo,163,2018.446575,NA,m,56,,38,,18,,152.3,,3.2,,NA,m,NA,m,NA,m,NA,m
2018,P1803617801H,P18036178,Carp,Five Island,36,Hypo,178,2018.487671,NA,m,36,,16,,20,,177.7,,49.6,,NA,m,NA,m,NA,m,NA,m
2018,P1803619301H,P18036193,Carp,Five Island,36,Hypo,193,2018.528767,NA,m,19,,12,,7,,126.5,,38,,NA,m,NA,m,NA,m,NA,m
2018,P1803620501H,P18036205,Carp,Five Island,36,Hypo,205,2018.561644,NA,m,40,,23,,17,,127.2,,2.9,a,NA,m,NA,m,NA,m,NA,m
2018,P1803621901H,P18036219,Carp,Five Island,36,Hypo,219,2018.6,NA,m,13,,3,,10,,141.5,,3,,NA,m,NA,m,NA,m,NA,m
2018,P1809013001H,P18090130,Carp,North Twin,90,Hypo,130,2018.356164,NA,m,17,,17,,0,a,73.1,,2.9,a,NA,m,NA,m,NA,m,NA,m
2018,P1809014401H,P18090144,Carp,North Twin,90,Hypo,144,2018.394521,NA,m,23,,4,,19,,82.5,,4.9,,NA,m,NA,m,NA,m,NA,m
2018,P1809015801H,P18090158,Carp,North Twin,90,Hypo,158,2018.432877,NA,m,17,,17,,0,a,61.2,,2.9,a,NA,m,NA,m,NA,m,NA,m
2018,P1809017101H,P18090171,Carp,North Twin,90,Hypo,171,2018.468493,NA,m,131,,50,,81,,NA,m,2.9,a,NA,m,NA,m,NA,m,NA,m
2018,P1809018301H,P18090183,Carp,North Twin,90,Hypo,183,2018.50137,NA,m,25,,21,,4,,78.9,,2.9,a,NA,m,NA,m,NA,m,NA,m
2018,P1809019701H,P18090197,Carp,North Twin,90,Hypo,197,2018.539726,NA,m,28,,25,,3,,69.7,,3.2,,NA,m,NA,m,NA,m,NA,m
2018,P1809021301H,P18090213,Carp,North Twin,90,Hypo,213,2018.583562,NA,m,30,,26,,4,,73,,2.9,a,NA,m,NA,m,NA,m,NA,m
2018,P1810513601H,P18105136,Carp,Silver,105,Hypo,136,2018.372603,NA,m,5,,2,,3,,79.1,,57,,NA,m,NA,m,NA,m,NA,m
2018,P1810515101H,P18105151,Carp,Silver,105,Hypo,151,2018.413699,NA,m,11,,4,,7,,61.4,,53.4,,NA,m,NA,m,NA,m,NA,m
2018,P1810516401H,P18105164,Carp,Silver,105,Hypo,164,2018.449315,NA,m,11,,11,,0,a,72.7,,32.5,,NA,m,NA,m,NA,m,NA,m
2018,P1810517801H,P18105178,Carp,Silver,105,Hypo,178,2018.487671,NA,m,104,,24,,80,,355.9,,174.1,,NA,m,NA,m,NA,m,NA,m
2018,P1810519201H,P18105192,Carp,Silver,105,Hypo,192,2018.526027,NA,m,11,,7,,4,,150.7,,105.7,,NA,m,NA,m,NA,m,NA,m
2018,P1810520501H,P18105205,Carp,Silver,105,Hypo,205,2018.561644,NA,m,16,,13,,3,,157.2,,61.1,,NA,m,NA,m,NA,m,NA,m
2018,P1810522001H,P18105220,Carp,Silver,105,Hypo,220,2018.60274,NA,m,8,,4,,4,,220.9,,159.6,,NA,m,NA,m,NA,m,NA,m
2018,P1811313601H,P18113136,Carp,Storm,113,Hypo,136,2018.372603,NA,m,17,,9,,8,,53.8,,2.9,a,NA,m,NA,m,NA,m,NA,m
2018,P1811315101H,P18113151,Carp,Storm,113,Hypo,151,2018.413699,NA,m,8,,1,,7,,30.4,,9.4,,NA,m,NA,m,NA,m,NA,m
2018,P1811316401H,P18113164,Carp,Storm,113,Hypo,164,2018.449315,NA,m,24,,7,,17,,53.8,,4,,NA,m,NA,m,NA,m,NA,m
2018,P1811317901H,P18113179,Carp,Storm,113,Hypo,179,2018.490411,NA,m,13,,7,,6,,61.3,,19.7,,NA,m,NA,m,NA,m,NA,m
2018,P1811319201H,P18113192,Carp,Storm,113,Hypo,192,2018.526027,NA,m,23,,15,,8,,66.2,,9.5,,NA,m,NA,m,NA,m,NA,m
2018,P1811320601H,P18113206,Carp,Storm,113,Hypo,206,2018.564384,NA,m,43,,15,,28,,94.4,,24.5,,NA,m,NA,m,NA,m,NA,m
2018,P1811322001H,P18113220,Carp,Storm,113,Hypo,220,2018.60274,NA,m,22,,3,,19,,83,,26.2,,NA,m,NA,m,NA,m,NA,m
2018,P1840613001H,P18406130,Carp,South Twin,406,Hypo,130,2018.356164,NA,m,72,,45,,27,,216.9,,2.9,a,NA,m,NA,m,NA,m,NA,m
2018,P1840614401H,P18406144,Carp,South Twin,406,Hypo,144,2018.394521,NA,m,82,,10,,72,,258.8,,46.8,,NA,m,NA,m,NA,m,NA,m
2018,P1840615801H,P18406158,Carp,South Twin,406,Hypo,158,2018.432877,NA,m,63,,48,,15,,205.1,,2.9,a,NA,m,NA,m,NA,m,NA,m
2018,P1840617101H,P18406171,Carp,South Twin,406,Hypo,171,2018.468493,NA,m,76,,38,,38,,187.6,,2.9,a,NA,m,NA,m,NA,m,NA,m
2018,P1840618401H,P18406184,Carp,South Twin,406,Hypo,184,2018.50411,NA,m,58,,38,,20,,180.5,,2.9,a,NA,m,NA,m,NA,m,NA,m
2018,P1840619701H,P18406197,Carp,South Twin,406,Hypo,197,2018.539726,NA,m,52,,39,,13,,127.2,,3.3,,NA,m,NA,m,NA,m,NA,m
2018,P1840621101H,P18406211,Carp,South Twin,406,Hypo,211,2018.578082,NA,m,68,,36,,32,,150.3,,2.9,a,NA,m,NA,m,NA,m,NA,m
2018,S1840613501E,S1840613501E,ShallowLakes,South Twin,406,Epi,135,2018.369863,NA,m,23,,0,a,23,,170.5,,2.9,a,1.1,,0.02,a,64,,42,
2018,S1840616301H,S1840616301H,ShallowLakes,South Twin,406,Epi,163,2018.446575,NA,m,26,,14,,12,,219.9,,8.5,,4.5,,0.1,,26,,13,
2018,S1840619101H,S1840619101H,ShallowLakes,South Twin,406,Epi,191,2018.523288,NA,m,24,,8,,16,,115.7,,2.9,a,2.4,,0.02,a,20.6,,29.5,
2018,S1840621901H,S1840621901H,ShallowLakes,South Twin,406,Epi,219,2018.6,NA,m,23.3,,16.6,,6.7,,187.8,,2.9,a,2.9,,0.02,a,40.8,,59,
2018,S1840625301H,S1840625301H,ShallowLakes,South Twin,406,Epi,253,2018.693151,NA,m,33,,13,,20,,114.8,,2.9,a,2.4,,0.02,a,29.6,,48.6,
2019,A19012140010,A19012140010,ALM,Blue,12,Epi,140,2019.383562,1.66,,10,,0,a,10,,74.35,,11.54,,0.92,,0.02,a,3.95,,12.33,
2019,A19012189012,A19012189012,ALM,Blue,12,Epi,189,2019.517808,2.8,,20,,1,,19,,184.4,,2.9,a,1.41,,0.02,a,9.88,,3.7,
2019,A19012231004,A19012231004,ALM,Blue,12,Epi,231,2019.632877,0.43,,17,,7,,10,,88.5,,2.9,a,0.95,,0.02,a,7.83,,25.9,
2019,A19019148007,A19019148007,ALM,Center,19,Epi,148,2019.405479,1.35,,1,,1,,1,,118.4,,74.35,,0.86,,0.07,,6.53,,49.35,
2019,A19019203001,A19019203001,ALM,Center,19,Epi,203,2019.556164,0.58,,13,,7,,6,,74.3,,2.9,a,1.13,,0.04,,13.72,,12.07,
2019,A19019246006,A19019246006,ALM,Center,19,Epi,246,2019.673973,0.68,,11,,8,,3,,63.95,,2.9,a,2.96,,2,,5.93,,36.4,
2019,A19036150003,A19036150003,ALM,Five Island,36,Epi,150,2019.410959,0.42,,14,,14,,0,a,68.25,,2.9,a,1.48,,0.02,a,51.18,,147.14,
2019,A19036204007,A19036204007,ALM,Five Island,36,Epi,204,2019.558904,0.2,,20,,14,,6,,206.35,,2.9,a,1.66,,0.02,a,18.13,,45.13,
2019,A19036247004,A19036247004,ALM,Five Island,36,Epi,247,2019.676712,0.38,,12,,10,,2,,113.85,,2.9,a,1.42,,0.02,a,6.38,,88.33,
2019,A19090143004,A19090143004,ALM,North Twin,90,Epi,143,2019.391781,0.28,,14,,14,,0,a,94.8,,2.9,a,0.72,,0.02,a,38.22,,223.06,
2019,A19090190003,A19090190003,ALM,North Twin,90,Epi,190,2019.520548,0.65,,12,,12,,0,a,68.65,,2.9,a,2.22,,0.02,a,9.44,,8.55,
2019,A19090232003,A19090232003,ALM,North Twin,90,Epi,232,2019.635616,0.33,,28,,28,,0,a,112.9,,2.9,a,1.23,,0.02,a,0.3,a,0.9,a
2019,A19105148006,A19105148006,ALM,Silver,105,Epi,148,2019.405479,0.4,,11,,4,,7,,30.25,,69.15,,4.58,,3.84,,0.3,a,42.47,
2019,A19105203004,A19105203004,ALM,Silver,105,Epi,203,2019.556164,0.58,,13,,9,,4,,150.15,,50.85,,2.08,,0.97,,11.12,,44.82,
2019,A19105247005,A19105247005,ALM,Silver,105,Epi,247,2019.676712,0.83,,64,,26,,38,,289.55,,2.9,a,2.4,,0.02,a,17.25,,30.21,
2019,A19113140001,A19113140001,ALM,Storm,113,Epi,140,2019.383562,1.05,,19,,0,a,19,,67.05,,26.2,,0.8,,0.13,,0.3,a,29.38,
2019,A19113189005,A19113189005,ALM,Storm,113,Epi,189,2019.517808,0.85,,18,,12,,6,,45.3,,2.9,a,1.06,,0.02,a,5.76,,17.75,
2019,A19113231010,A19113231010,ALM,Storm,113,Epi,231,2019.632877,0.53,,9,,0,a,9,,130.1,,22.15,,0.45,,0.02,a,2.3,,17.94,
2019,P1901915501E,P19019155,Carp,Center,19,Epi,155,2019.424658,1.68,,19,,19,,0,a,63.06,,2.71,,1.25,,0.32,,15.42,,22.28,
2019,P1901916901E,P19019169,Carp,Center,19,Epi,169,2019.463014,0.83,,10,,6,,4,,77.02,,7.2,,0.92,,0.16,,7.58,,10.51,
2019,P1901919001E,P19019190,Carp,Center,19,Epi,190,2019.520548,1.04,,NA,m,NA,m,NA,m,156.73,,10.52,,1.15,,0.16,,26.6,,49.21,
2019,P1901920401E,P19019204,Carp,Center,19,Epi,204,2019.558904,0.63,,2,,2,,0,a,67.23,,18.87,,1.34,,0.26,,8.17,,52.97,
2019,P1901921901E,P19019219,Carp,Center,19,Epi,219,2019.6,0.62,,11,,11,,0,a,62.08,,19.56,,1.23,,0.02,a,9.36,,87.01,
2019,P1903615501E,P19036155,Carp,Five Island,36,Epi,155,2019.424658,0.4,,29,,29,,0,a,108.14,,4.87,,2.6,,2.81,,67.91,,56.38,
2019,P1903617001E,P19036170,Carp,Five Island,36,Epi,170,2019.465753,1.13,,1,,1,,0,a,32.2,,110,,2.09,,1.44,,7.58,,18.94,
2019,P1903619001E,P19036190,Carp,Five Island,36,Epi,190,2019.520548,0.28,,NA,m,NA,m,NA,m,223.23,,20.49,,2.05,,0.52,,38.04,,62,
2019,P1903620401E,P19036204,Carp,Five Island,36,Epi,204,2019.558904,0.18,,39,,24,,15,,353.98,,28.85,,2.33,,0.14,,11.16,,151.73,
2019,P1903621801E,P19036218,Carp,Five Island,36,Epi,218,2019.59726,0.35,,21,,11,,10,,201.37,,35.6,,1.67,,0.08,,7.59,,37.08,
2019,P1909014801E,P19090148,Carp,North Twin,90,Epi,148,2019.405479,0.57,,26,,13,,13,,100.53,,2.9,a,1.81,,0.18,,38.07,,94.51,
2019,P1909016301E,P19090163,Carp,North Twin,90,Epi,163,2019.446575,0.63,,20,,6,,14,,88.69,,3.92,,1.09,,0.31,,15.98,,30.04,
2019,P1909017601E,P19090176,Carp,North Twin,90,Epi,176,2019.482192,0.78,,2,,1,,1,,71.6,,5.49,,1.27,,0.27,,14.55,,23.5,
2019,P1909019801E,P19090198,Carp,North Twin,90,Epi,198,2019.542466,0.83,,0,a,0,a,0,a,90.88,,9.58,,1.86,,0.26,,5.92,,84.8,
2019,P1909021201E,P19090212,Carp,North Twin,90,Epi,212,2019.580822,0.43,,35,,33,,2,,111.37,,16.53,,1.62,,0.18,,12.1,,44.46,
2019,P1909022501E,P19090225,Carp,North Twin,90,Epi,225,2019.616438,0.35,,23,,20,,3,,107.31,,2.9,a,1.53,,0.2,,5.76,,55.55,
2019,P1910515501E,P19105155,Carp,Silver,105,Epi,155,2019.424658,1.25,,25,,17,,8,,137.37,,82.58,,5.87,,4.32,,0.81,,15.21,
2019,P1910516901E,P19105169,Carp,Silver,105,Epi,169,2019.463014,1.86,,5,,2,,3,,130.66,,88.89,,4.12,,4.17,,0.74,,5.52,
2019,P1910519101E,P19105191,Carp,Silver,105,Epi,191,2019.523288,1.1,,NA,m,NA,m,NA,m,126.65,,69.88,,2.58,,2.28,,2.25,,0.9,a
2019,P1910520501E,P19105205,Carp,Silver,105,Epi,205,2019.561644,0.92,,1,,1,,0,a,452.91,,27.73,,4.07,,0.97,,13.76,,64.46,
2019,P1910521901E,P19105219,Carp,Silver,105,Epi,219,2019.6,0.91,,9,,9,,0,a,161.63,,107.77,,1.23,,0.11,,5.81,,125.63,
2019,P1911314901E,P19113149,Carp,Storm,113,Epi,149,2019.408219,0.9,,5,,2,,3,,76.61,,28.04,,2.34,,0.56,,3.12,,7.11,
2019,P1911316201E,P19113162,Carp,Storm,113,Epi,162,2019.443836,0.98,,18,,7,,11,,81.8,,16.61,,1.28,,0.96,,2.73,,12.47,
2019,P1911317701E,P19113177,Carp,Storm,113,Epi,177,2019.484932,NA,m,11,,5,,6,,81.1,,24.28,,1.28,,0.83,,1.23,,3.15,
2019,P1911319701E,P19113197,Carp,Storm,113,Epi,197,2019.539726,0.63,,15,,10,,5,,97.85,,11.58,,1.19,,0.33,,9.97,,77.29,
2019,P1911322501E,P19113225,Carp,Storm,113,Epi,225,2019.616438,0.57,,11,,10,,1,,132.83,,25.6,,1.23,,0.02,a,4.29,,43.12,
2019,P1940614801E,P19406148,Carp,South Twin,406,Epi,148,2019.405479,0.28,,61,,31,,30,,236.06,,7.4,,1.71,,0.16,,26.16,,51.55,
2019,P1940617001E,P19406170,Carp,South Twin,406,Epi,170,2019.465753,0.21,,53,,27,,26,,86.49,,96.37,,0.3,,0.3,,35.61,,48.96,
2019,P1940617601E,P19406176,Carp,South Twin,406,Epi,176,2019.482192,0.18,,56,,25,,31,,197.19,,8.37,,1.54,,0.14,,29.97,,35.36,
2019,P1940619801E,P19406198,Carp,South Twin,406,Epi,198,2019.542466,NA,m,NA,m,NA,m,NA,m,230.19,,5.59,,2.17,,0.22,,27.54,,69.64,
2019,P1940621201E,P19406212,Carp,South Twin,406,Epi,212,2019.580822,0.11,,75,,42,,33,,209.36,,17.53,,1.86,,0.19,,19.45,,81.19,
2019,P1940622601E,P19406226,Carp,South Twin,406,Epi,226,2019.619178,0.65,,55,,37,,18,,209.38,,2.9,a,2.08,,0.02,a,3.19,,169.27,
2019,P1901915501H,P19019155,Carp,Center,19,Hypo,155,2019.424658,NA,m,24,,20,,4,,61.69,,32.17,,NA,m,NA,m,NA,m,NA,m
2019,P1901916901H,P19019169,Carp,Center,19,Hypo,169,2019.463014,NA,m,25,,7,,18,,133.44,,19.86,,NA,m,NA,m,NA,m,NA,m
2019,P1901919001H,P19019190,Carp,Center,19,Hypo,190,2019.520548,NA,m,9,,0,a,9,,104.8,,9.63,,NA,m,NA,m,NA,m,NA,m
2019,P1901920401H,P19019204,Carp,Center,19,Hypo,204,2019.558904,NA,m,10,,10,,0,a,67.64,,22.86,,NA,m,NA,m,NA,m,NA,m
2019,P1901921901H,P19019219,Carp,Center,19,Hypo,219,2019.6,NA,m,9,,9,,0,a,75.14,,19.66,,NA,m,NA,m,NA,m,NA,m
2019,P1903615501H,P19036155,Carp,Five Island,36,Hypo,155,2019.424658,NA,m,15,,11,,4,,90.43,,19.658,,NA,m,NA,m,NA,m,NA,m
2019,P1903617001H,P19036170,Carp,Five Island,36,Hypo,170,2019.465753,NA,m,11,,1,,10,,72.9,,84.42,,NA,m,NA,m,NA,m,NA,m
2019,P1903619001H,P19036190,Carp,Five Island,36,Hypo,190,2019.520548,NA,m,30,,22,,8,,203.13,,41.45,,NA,m,NA,m,NA,m,NA,m
2019,P1903620401H,P19036204,Carp,Five Island,36,Hypo,204,2019.558904,NA,m,46,,34,,12,,248.22,,49.74,,NA,m,NA,m,NA,m,NA,m
2019,P1903621801H,P19036218,Carp,Five Island,36,Hypo,218,2019.59726,NA,m,59,,21,,38,,361.69,,148.25,,NA,m,NA,m,NA,m,NA,m
2019,P1909014801H,P19090148,Carp,North Twin,90,Hypo,148,2019.405479,NA,m,33,,26,,7,,85.28,,120.68,,NA,m,NA,m,NA,m,NA,m
2019,P1909016301H,P19090163,Carp,North Twin,90,Hypo,163,2019.446575,NA,m,19,,10,,9,,81.51,,2.82,,NA,m,NA,m,NA,m,NA,m
2019,P1909017601H,P19090176,Carp,North Twin,90,Hypo,176,2019.482192,NA,m,12,,8,,4,,87.34,,7,,NA,m,NA,m,NA,m,NA,m
2019,P1909019801H,P19090198,Carp,North Twin,90,Hypo,198,2019.542466,NA,m,1,,1,,0,a,85.32,,8.56,,NA,m,NA,m,NA,m,NA,m
2019,P1909021201H,P19090212,Carp,North Twin,90,Hypo,212,2019.580822,NA,m,28,,27,,1,,91.17,,19.57,,NA,m,NA,m,NA,m,NA,m
2019,P1909022501H,P19090225,Carp,North Twin,90,Hypo,225,2019.616438,NA,m,41,,34,,7,,146.72,,2.9,a,NA,m,NA,m,NA,m,NA,m
2019,P1910515501H,P19105155,Carp,Silver,105,Hypo,155,2019.424658,NA,m,20,,11,,9,,142.14,,80.8,,NA,m,NA,m,NA,m,NA,m
2019,P1910516901H,P19105169,Carp,Silver,105,Hypo,169,2019.463014,NA,m,11,,11,,0,a,150.86,,86.09,,NA,m,NA,m,NA,m,NA,m
2019,P1910519101H,P19105191,Carp,Silver,105,Hypo,191,2019.523288,NA,m,0,a,0,a,0,a,124.63,,67.44,,NA,m,NA,m,NA,m,NA,m
2019,P1910520501H,P19105205,Carp,Silver,105,Hypo,205,2019.561644,NA,m,5,,5,,0,a,178.05,,139.25,,NA,m,NA,m,NA,m,NA,m
2019,P1910521901H,P19105219,Carp,Silver,105,Hypo,219,2019.6,NA,m,17,,13,,4,,214.48,,89.67,,NA,m,NA,m,NA,m,NA,m
2019,P1911314901H,P19113149,Carp,Storm,113,Hypo,149,2019.408219,NA,m,0,a,0,a,0,a,93.05,,28.14,,NA,m,NA,m,NA,m,NA,m
2019,P1911316201H,P19113162,Carp,Storm,113,Hypo,162,2019.443836,NA,m,34.5,,4,,30.5,,105.2,,22.87,,NA,m,NA,m,NA,m,NA,m
2019,P1911317701H,P19113177,Carp,Storm,113,Hypo,177,2019.484932,NA,m,7,,1,,6,,107.12,,39.82,,NA,m,NA,m,NA,m,NA,m
2019,P1911319701H,P19113197,Carp,Storm,113,Hypo,197,2019.539726,NA,m,19,,16,,3,,94.99,,5.7,,NA,m,NA,m,NA,m,NA,m
2019,P1911322501H,P19113225,Carp,Storm,113,Hypo,225,2019.616438,NA,m,22,,10,,12,,183.84,,41,,NA,m,NA,m,NA,m,NA,m
2019,P1940614801H,P19406148,Carp,South Twin,406,Hypo,148,2019.405479,NA,m,55,,23,,32,,244.91,,34.38,,NA,m,NA,m,NA,m,NA,m
2019,P1940617001H,P19406170,Carp,South Twin,406,Hypo,170,2019.465753,NA,m,59,,31,,28,,84.48,,13.75,,NA,m,NA,m,NA,m,NA,m
2019,P1940617601H,P19406176,Carp,South Twin,406,Hypo,176,2019.482192,NA,m,48,,23,,25,,188.91,,17.21,,NA,m,NA,m,NA,m,NA,m
2019,P1940619801H,P19406198,Carp,South Twin,406,Hypo,198,2019.542466,NA,m,61,,31,,30,,207.84,,15.52,,NA,m,NA,m,NA,m,NA,m
2019,P1940621201H,P19406212,Carp,South Twin,406,Hypo,212,2019.542466,NA,m,86,,57,,29,,236.04,,19.62,,NA,m,NA,m,NA,m,NA,m
2019,P1940622601H,P19406226,Carp,South Twin,406,Hypo,226,2019.619178,NA,m,71,,42,,29,,163.22,,2.9,a,NA,m,NA,m,NA,m,NA,m
2019,P1940612701E,P19406127,ShallowLakes,South Twin,406,Epi,127,2019.347945,NA,m,42,,38,,4,,170,,2.9,a,2.8,,0.02,a,100,,NA,m
2019,P1940616201E,P19406162,ShallowLakes,South Twin,406,Epi,162,2019.443836,NA,m,66,,39,,27,,170,,2.9,a,3,,0.02,a,98,,NA,m
2019,P1940619001E,P19406190,ShallowLakes,South Twin,406,Epi,190,2019.520548,NA,m,55,,41,,14,,140,,2.9,a,2.5,,0.02,a,100,,NA,m
2019,P1940622601E,P19406226,ShallowLakes,South Twin,406,Epi,226,2019.619178,NA,m,100,,64,,36,,240,,2.9,a,3.5,,0.02,a,160,,NA,m
2019,P1940625301E,P19406253,ShallowLakes,South Twin,406,Epi,253,2019.693151,NA,m,58,,47,,11,,150,,2.9,a,2.5,,0.02,a,76,,NA,m
2020,P2001219501E,P20012195,Carp,Blue,12,Epi,195,2020.534247,0.28,,38.67,,14,,24.67,,96.75,,2.9,a,0.6,,0.12,,47,,77.37,
2020,P2001220601E,P20012206,Carp,Blue,12,Epi,206,2020.564384,0.45,,21.5,,7,,14.5,,94.15,,2.9,a,0.68,,0.16,,47.47,,147.59,
2020,P2001223601E,P20012236,Carp,Blue,12,Epi,223,2020.610959,0.4,,25.6,,8.8,,16.8,,116.9,,2.9,a,0.64,,0.24,,80.1,,102.82,
2020,P2001915001E,P20019150,Carp,Center,19,Epi,150,2020.410959,2.3,,3.6,,2,,1.6,,20.25,,3.15,,0.68,,0.19,,5.11,,55.62,
2020,P2001916601E,P20019166,Carp,Center,19,Epi,166,2020.454795,0.75,,18,,10,,8,,38.75,,2.9,a,1.27,,0.13,,61.06,,29.74,
2020,A2001917201E,A2001917201E,ALM,Center,19,Epi,172,2020.471233,0.6,,8.4,,8.4,,1.4,,56.9,,2.9,a,1.61,,0.02,a,65.2,,59,
2020,P2001917701E,P20019177,Carp,Center,19,Epi,177,2020.484932,0.58,,7.33,,4.67,,2.67,,63.85,,2.9,a,1.39,,0.12,,82.11,,73.01,
2020,P2001919301E,P20019193,Carp,Center,19,Epi,193,2020.528767,0.7,,4.5,,4.5,,0,a,45,,2.9,a,1.24,,0.18,,51.77,,58.95,
2020,P2000921301E,P20009213,Carp,Center,19,Epi,213,2020.583562,0.55,,NA,m,NA,m,NA,m,68.5,,2.9,a,0.48,,0.04,,46.23,,60.79,
2020,A2001922201E,A2001922201E,ALM,Center,19,Epi,222,2020.608219,0.7,,6,,4.4,,1.6,,59.1,,2.9,a,1.13,,0.02,a,52.2,,73.6,
2020,P2000922601E,P20009226,Carp,Center,19,Epi,226,2020.619178,0.53,,NA,m,NA,m,NA,m,70.6,,2.9,a,0.1,a,0.07,,60.48,,87.43,
2020,A2001926501E,A2001926501E,ALM,Center,19,Epi,265,2020.726027,0.5,,12,,9.6,,2.4,,61,,2.9,a,1.46,,0.02,a,51.1,,63.9,
2020,P2003615101E,P20036151,Carp,Five Island,36,Epi,151,2020.413699,1.6,,6.4,,3.6,,2.8,,28.1,,2.9,a,2.84,,2.04,,16.5,,69.46,
2020,P2003616701E,P20036167,Carp,Five Island,36,Epi,167,2020.457534,0.65,,22,,16,,6,,63.75,,2.9,a,2.01,,0.7,,55.72,,38.41,
2020,P2003617601E,P20036176,Carp,Five Island,36,Epi,176,2020.482192,0.4,,21.5,,6,,15.5,,89.4,,2.9,a,1.76,,0.6,,99.31,,85.79,
2020,P2003619001E,P20036190,Carp,Five Island,36,Epi,190,2020.520548,0.23,,45.38,,16.15,,29.23,,167.2,,17.9,,1.43,,0.16,,47.97,,64.09,
2020,P2003620301E,P20036203,Carp,Five Island,36,Epi,203,2020.556164,0.4,,25.5,,14,,11.5,,120,,2.9,a,1.39,,0.13,,85.65,,65.95,
2020,P2003621201E,P20036212,Carp,Five Island,36,Epi,212,2020.580822,0.55,,20.5,,8,,12.5,,104,,2.9,a,1.54,,0.14,,74.29,,98.1,
2020,P2003622501E,P20036225,Carp,Five Island,36,Epi,225,2020.616438,0.35,,NA,m,NA,m,NA,m,126.25,,4.85,,0.76,,0.02,,106.59,,130.37,
2020,A2009014101E,A2009014101E,ALM,North Twin,90,Epi,141,2020.386301,1.1,,5,,5,,0,a,20.8,,2.9,a,1.3,,0.38,,10.4,,26.6,
2020,P2009015401E,P20090154,Carp,North Twin,90,Epi,154,2020.421918,1.2,,12,,6,,6,,37.65,,2.9,a,1.17,,0.63,,26.92,,34.65,
2020,P2009017701E,P20090177,Carp,North Twin,90,Epi,177,2020.484932,0.54,,NA,m,NA,m,NA,m,68.9,,2.9,a,1.33,,0.25,,47.5,,69.64,
2020,A2009019001E,A2009019001E,ALM,North Twin,90,Epi,190,2020.520548,0.3,,11,,7,,4,,86.4,,2.9,a,1.34,,0.1,,31.4,,98.7,
2020,P2009021301E,P20090213,Carp,North Twin,90,Epi,213,2020.583562,0.4,,39,,26,,13,,90.1,,2.9,a,0.1,a,0.04,,39.26,,122.9,
2020,A2009023201E,A2009023201E,ALM,North Twin,90,Epi,232,2020.635616,0.4,,29.3,,18,,11.3,,65.1,,2.9,a,1.39,,0.02,a,40.1,,38.6,
2020,P2010514901E,P20105149,Carp,Silver,105,Epi,149,2020.408219,2.35,,3.2,,3.2,,0,a,35.05,,11.15,,4.17,,3.36,,1.12,,62.48,
2020,P2010516101E,P20105161,Carp,Silver,105,Epi,161,2020.441096,2.45,,3,,3,,0,a,32.8,,24.2,,3.82,,3.04,,0.6,,71.96,
2020,P2010517801E,P20105178,Carp,Silver,105,Epi,178,2020.487671,1.2,,1.5,,0,a,1.5,,111.5,,47.5,,2.97,,1.89,,44.45,,91.47,
2020,P2010518901E,P20105189,Carp,Silver,105,Epi,189,2020.517808,1.45,,10,,7.5,,2.5,,111.05,,9.95,,1.88,,0.58,,54.93,,50.31,
2020,P2010520201E,P20105202,Carp,Silver,105,Epi,202,2020.553425,0.7,,9,,6.5,,2.5,,154.5,,78.65,,1.45,,0.07,,32.02,,126.77,
2020,P2010521301E,P20105213,Carp,Silver,105,Epi,213,2020.583562,0.45,,NA,m,NA,m,NA,m,225.4,,116.65,,0.89,,0.04,,23.19,,56.13,
2020,P2010522401E,P20105224,Carp,Silver,105,Epi,224,2020.613699,0.42,,NA,m,NA,m,NA,m,158.65,,25.45,,0.96,,0.02,a,66.28,,115.78,
2020,A2010526501E,A2010526501E,ALM,Silver,105,Epi,265,2020.726027,0.5,,18.4,,9.6,,8.8,,90.2,,2.9,a,1.77,,0.02,a,93.8,,NA,m
2020,A2011314101E,A2011314101E,ALM,Storm,113,Epi,141,2020.386301,1.1,,8.5,,1.5,,7,,36.7,,2.9,a,0.66,,0.26,,3.1,,67,
2020,P2011314801E,P20113148,Carp,Storm,113,Epi,148,2020.405479,1.45,,6.8,,3.6,,3.2,,41.95,,22.75,,0.83,,0.43,,1.74,,55.01,
2020,P2011316401E,P20113164,Carp,Storm,113,Epi,164,2020.449315,0.9,,4,,6,,0,a,48.85,,23.75,,0.79,,0.64,,1.6,,35.77,
2020,P2011317501E,P20113175,Carp,Storm,113,Epi,175,2020.479452,0.45,,14.5,,7,,7.5,,82.45,,39.8,,1.23,,0.87,,8.49,,390.82,
2020,A2011319001E,A2011319001E,ALM,Storm,113,Epi,190,2020.520548,0.6,,10.8,,10.8,,0,a,69.8,,8.5,,0.4,,0.02,a,15.6,,43,
2020,P2011319201E,P20113192,Carp,Storm,113,Epi,192,2020.526027,0.6,,9,,2.5,,6.5,,82.7,,16.25,,0.36,,0.16,,32.7,,112.31,
2020,P2011320501E,P20113205,Carp,Storm,113,Epi,205,2020.561644,0.5,,18.5,,5,,13.5,,113.15,,63.8,,0.1,a,0.07,,10.72,,171.58,
2020,P2011321101E,P20113211,Carp,Storm,113,Epi,211,2020.578082,0.5,,8.67,,3.33,,5.33,,129,,77.95,,0.33,,0.1,,9.93,,92.42,
2020,A2011323201E,A2011323201E,ALM,Storm,113,Epi,232,2020.635616,0.4,,20,,6.8,,13.2,,153.3,,97.6,,0.26,,0.02,a,13.1,,25.7,
2020,S2040614001E,S2040614001E,ShallowLakes,South Twin,406,Epi,140,2020.383562,NA,m,100,,44,,56,,190,,2.9,a,2.4,,0.05,a,110,,NA,m
2020,P2040615401E,P20406154,Carp,South Twin,406,Epi,154,2020.421918,0.15,,110,,44,,66,,228.75,,2.9,a,2.3,,0.28,,147.18,,65.21,
2020,S2040616801E,S2040616801E,ShallowLakes,South Twin,406,Epi,168,2020.460274,NA,m,120,,56,,64,,240,,2.9,a,2.8,,0.05,a,150,,NA,m
2020,P2040617701E,P20406177,Carp,South Twin,406,Epi,177,2020.484932,0.17,,NA,m,NA,m,NA,m,181.9,,2.9,a,2.4,,0.26,,82.29,,42.4,
2020,P2040619001E,P20406190,Carp,South Twin,406,Epi,190,2020.520548,NA,m,98,,54,,44,,229.85,,2.9,a,1.78,,0.17,,93.78,,65.17,
2020,S2040619801E,S2040619801E,ShallowLakes,South Twin,406,Epi,198,2020.542466,NA,m,92,,28,,64,,220,,2.9,a,2.4,,0.05,a,100,,NA,m
2020,P2040620501E,P20406205,Carp,South Twin,406,Epi,205,2020.561644,0.13,,134,,72,,62,,197.85,,2.9,a,2.64,,0.15,,79.94,,113.74,
2020,P2040621301E,P20406213,Carp,South Twin,406,Epi,213,2020.583562,NA,m,NA,m,NA,m,NA,m,177.85,,2.9,a,1.1,,0.17,,NA,m,NA,m
2020,S2040622602E,S2040622602E,ShallowLakes,South Twin,406,Epi,226,2020.619178,NA,m,130,,40,,90,,190,,2.9,a,3.2,,0.05,a,130,,NA,m
2020,P2040623201E,P20406232,Carp,South Twin,406,Epi,232,2020.635616,0.15,,114,,58,,56,,177.3,,2.9,a,0.1,a,0.02,a,56.82,,37.85,
2020,S2040625902E,S2040625902E,ShallowLakes,South Twin,406,Epi,259,2020.709589,NA,m,120,,20,,100,,130,,2.9,a,2,,0.1,,110,,NA,m
2020,P2001220601H,P20012206,Carp,Blue,12,Hypo,206,2020.564384,NA,m,63,,13.5,,49.5,,149.85,,2.9,a,0.76,,0.13,,NA,m,NA,m
2020,P2001915001H,P20019150,Carp,Center,19,Hypo,150,2020.410959,NA,m,34.4,,12.4,,22,,65.45,,2.9,a,1.14,,0.19,,NA,m,NA,m
2020,P2001916601H,P20019166,Carp,Center,19,Hypo,166,2020.454795,NA,m,14,,9,,5,,47.6,,2.9,a,1.27,,0.11,,NA,m,NA,m
2020,P2001917701H,P20019177,Carp,Center,19,Hypo,177,2020.484932,NA,m,12,,2,,10,,62,,2.9,a,1.36,,0.15,,NA,m,NA,m
2020,P2001919301H,P20019193,Carp,Center,19,Hypo,193,2020.528767,NA,m,12.5,,7,,5.5,,71.6,,2.9,a,1.66,,0.16,,NA,m,NA,m
2020,P2001921301H,P20019213,Carp,Center,19,Hypo,213,2020.583562,NA,m,NA,m,NA,m,NA,m,64.3,,2.9,a,0.96,,0.05,,NA,m,NA,m
2020,P2000922601H,P20009226,Carp,Center,19,Hypo,226,2020.619178,NA,m,NA,m,NA,m,NA,m,73.1,,2.9,a,1.04,,0.09,,NA,m,NA,m
2020,P2003615101H,P20036151,Carp,Five Island,36,Hypo,151,2020.413699,NA,m,12.4,,3.2,,9.2,,38.45,,2.9,a,2.9,,1.87,,NA,m,NA,m
2020,P2003616701H,P20036167,Carp,Five Island,36,Hypo,167,2020.457534,NA,m,36,,34,,2,,96.35,,2.9,a,2.17,,0.81,,NA,m,NA,m
2020,P2003617601H,P20036176,Carp,Five Island,36,Hypo,176,2020.482192,NA,m,42,,12,,30,,93.35,,2.9,a,1.54,,0.76,,NA,m,NA,m
2020,P2003619001H,P20036190,Carp,Five Island,36,Hypo,190,2020.520548,NA,m,21.54,,10.77,,10.77,,354.5,,239.75,,2.41,,0.14,,NA,m,NA,m
2020,P2003620301H,P20036203,Carp,Five Island,36,Hypo,203,2020.556164,NA,m,17,,9,,8,,383.7,,271.2,,2.14,,0.16,,NA,m,NA,m
2020,P2003621201H,P20036212,Carp,Five Island,36,Hypo,212,2020.580822,NA,m,36.5,,13,,23.5,,115.2,,4.8,,1.53,,0.2,,NA,m,NA,m
2020,P2003622501H,P20036225,Carp,Five Island,36,Hypo,225,2020.616438,NA,m,NA,m,NA,m,NA,m,103.45,,20.95,,1.05,,0.12,,NA,m,NA,m
2020,P2009015401H,P20090154,Carp,North Twin,90,Hypo,154,2020.421918,NA,m,15.2,,10,,5.2,,39.85,,2.9,a,1.21,,0.77,,NA,m,NA,m
2020,P2009017701H,P20090177,Carp,North Twin,90,Hypo,177,2020.484932,NA,m,NA,m,NA,m,NA,m,88.55,,2.9,a,1.53,,0.18,,NA,m,NA,m
2020,P2009019001H,P20090190,Carp,North Twin,90,Hypo,190,2020.520548,NA,m,24,,24,,0,a,94.05,,2.9,a,0.72,,0.12,,NA,m,NA,m
2020,P2009021301H,P20090213,Carp,North Twin,90,Hypo,213,2020.583562,NA,m,33.68,,28.42,,5.26,,82.6,,2.9,a,0.1,a,0.09,,NA,m,NA,m
2020,P2010514901H,P20105149,Carp,Silver,105,Hypo,149,2020.408219,NA,m,5.2,,2.8,,2.4,,40.15,,8.85,,4.22,,3.41,,NA,m,NA,m
2020,P2010516101H,P20105161,Carp,Silver,105,Hypo,161,2020.441096,NA,m,10,,9,,1,,53.25,,12.1,,4.1,,2.91,,NA,m,NA,m
2020,P2010517801H,P20105178,Carp,Silver,105,Hypo,178,2020.487671,NA,m,3.33,,3.33,,0,a,101.5,,49.45,,2.98,,1.74,,NA,m,NA,m
2020,P2010518901H,P20105189,Carp,Silver,105,Hypo,189,2020.517808,NA,m,3.5,,3.5,,0,a,71.8,,22.5,,1.82,,0.71,,NA,m,NA,m
2020,P2010520201H,P20105202,Carp,Silver,105,Hypo,202,2020.553425,NA,m,14,,7.5,,6.5,,191.5,,78.85,,1.57,,0.09,,NA,m,NA,m
2020,P2010521301H,P20105213,Carp,Silver,105,Hypo,213,2020.583562,NA,m,NA,m,NA,m,NA,m,290.05,,126.8,,0.44,,0.04,,NA,m,NA,m
2020,P2010522401H,P20105224,Carp,Silver,105,Hypo,224,2020.613699,NA,m,NA,m,NA,m,NA,m,163.35,,25.05,,0.42,,0.06,,NA,m,NA,m
2020,P2011314801H,P20113148,Carp,Storm,113,Hypo,148,2020.405479,NA,m,23.6,,4.8,,18.8,,53.55,,23.15,,0.95,,0.49,,NA,m,NA,m
2020,P2011316401H,P20113164,Carp,Storm,113,Hypo,164,2020.449315,NA,m,22,,1,,21,,61.8,,24,,1.18,,0.58,,NA,m,NA,m
2020,P2011317501H,P20113175,Carp,Storm,113,Hypo,175,2020.479452,NA,m,14.67,,1.33,,13.33,,86.2,,39,,1.49,,0.81,,NA,m,NA,m
2020,P2011319201H,P20113192,Carp,Storm,113,Hypo,192,2020.526027,NA,m,13,,6.5,,6.5,,78.5,,21,,0.69,,0.12,,NA,m,NA,m
2020,P2011320501H,P20113205,Carp,Storm,113,Hypo,205,2020.561644,NA,m,29,,7.5,,21.5,,266.7,,109.35,,0.35,,0.1,,NA,m,NA,m
2020,P2011321101H,P20113211,Carp,Storm,113,Hypo,211,2020.578082,NA,m,12.33,,3.67,,8.67,,125.85,,78.75,,0.63,,0.11,,NA,m,NA,m
2020,P2040615401H,P20406154,Carp,South Twin,406,Hypo,154,2020.421918,NA,m,288,,88,,200,,356.45,,2.9,a,2.82,,0.28,,NA,m,NA,m
2020,P2040617701H,P20406177,Carp,South Twin,406,Hypo,177,2020.484932,NA,m,NA,m,NA,m,NA,m,180,,2.9,a,2.35,,0.28,,NA,m,NA,m
2020,P2040620501H,P20406205,Carp,South Twin,406,Hypo,205,2020.561644,NA,m,152,,80,,72,,119.25,,2.9,a,2.12,,0.28,,NA,m,NA,m
